"term","estimate","std.error","df","statistic","p.value","immune_product"
"(Intercept)",1.24770017643189,0.260461048945989,224.059437268041,4.79035226756926,3.02820328990033e-06,"GM-CSF"
"treatment_groupCRS3123_400mg_po_bid",0.0827001345984654,0.394434128590202,226.66043183021,0.209667796481138,0.834115294201977,"GM-CSF"
"treatment_groupVancomycin_125mg_po_qid",-0.721733188690503,0.375910266906226,224.281348556405,-1.91996136373297,0.0561313501328432,"GM-CSF"
"visitD4",-0.862250486876272,0.381739268544223,196.347957429783,-2.25874191608449,0.024998720376335,"GM-CSF"
"visitFUV1",-1.20978122133025,0.36218258472118,190.857814984878,-3.34025232676932,0.00100675149964436,"GM-CSF"
"visitFUV2",-1.12612438430083,0.36218258472118,190.857815023226,-3.10927259290436,0.00216261997038804,"GM-CSF"
"visitFUV3",-1.07327555358712,0.371291346221968,194.371390993275,-2.89065598891037,0.0042816638438626,"GM-CSF"
"visitFUV4",-1.09416843705134,0.38179949449218,196.888156232369,-2.86581950169069,0.00461129175587807,"GM-CSF"
"visitScreening",1.03915040195101,0.40914295682546,201.152866614014,2.53982229100014,0.0118464729861268,"GM-CSF"
"treatment_groupCRS3123_400mg_po_bid:visitD4",-0.104538410589261,0.566909693097289,201.332743254564,-0.184400464239938,0.853884909921717,"GM-CSF"
"treatment_groupVancomycin_125mg_po_qid:visitD4",0.488633541719203,0.531702451253714,195.970419570877,0.918998098592628,0.359226313299236,"GM-CSF"
"treatment_groupCRS3123_400mg_po_bid:visitFUV1",0.350678427823328,0.522270471895997,195.328047732392,0.671449845805491,0.50272730476928,"GM-CSF"
"treatment_groupVancomycin_125mg_po_qid:visitFUV1",0.770593601529562,0.517018883279461,189.948422474683,1.49045542909704,0.137763212707552,"GM-CSF"
"treatment_groupCRS3123_400mg_po_bid:visitFUV2",-0.136676824346445,0.522270471895997,195.328047746843,-0.261697399529916,0.793830496957574,"GM-CSF"
"treatment_groupVancomycin_125mg_po_qid:visitFUV2",0.668820487966922,0.523340599792266,191.082771736994,1.2779831876839,0.202805657267233,"GM-CSF"
"treatment_groupCRS3123_400mg_po_bid:visitFUV3",-0.071323484809094,0.56982913432822,199.93249795634,-0.125166441152888,0.900517548704851,"GM-CSF"
"treatment_groupVancomycin_125mg_po_qid:visitFUV3",0.710672837521123,0.529740829628699,193.16940110417,1.34154816425844,0.181317542430969,"GM-CSF"
"treatment_groupCRS3123_400mg_po_bid:visitFUV4",-0.150621833317365,0.558145458628416,199.838719043789,-0.269861253888014,0.787545459465557,"GM-CSF"
"treatment_groupVancomycin_125mg_po_qid:visitFUV4",0.71991980917491,0.537158204620264,194.488877866237,1.34023794662849,0.181731579974691,"GM-CSF"
"treatment_groupCRS3123_400mg_po_bid:visitScreening",-1.0200657003403,0.585829332159963,203.974576350239,-1.7412335715238,0.0831503634157926,"GM-CSF"
"treatment_groupVancomycin_125mg_po_qid:visitScreening",-0.98300868506886,0.556211098713855,194.794284417001,-1.76733022289901,0.0787387052840432,"GM-CSF"
"(Intercept)",3.19118648721976,1.72527839237074,224.642740141478,1.84966466938399,0.0656753970574254,"IL-12p40"
"treatment_groupCRS3123_400mg_po_bid",2.7140929276503,2.61348430051254,227.013263476759,1.03849597532231,0.300144050204451,"IL-12p40"
"treatment_groupVancomycin_125mg_po_qid",3.46462463332976,2.49006154650578,224.832600012425,1.39138112396923,0.165485063348667,"IL-12p40"
"visitD4",-1.93736146708852,2.53949149298788,192.273428103217,-0.762893466049413,0.446461893460233,"IL-12p40"
"visitFUV1",-2.96357321848913,2.41011222587158,186.061290380878,-1.22964117051329,0.220384131904373,"IL-12p40"
"visitFUV2",-1.168740915182,2.41011222587158,186.061290323536,-0.484932154874796,0.628294906912493,"IL-12p40"
"visitFUV3",-3.03536578068056,2.47026138520653,189.943516272724,-1.22876299603687,0.220680863975354,"IL-12p40"
"visitFUV4",-2.94703180456862,2.53981957140289,192.829097938092,-1.16033116594215,0.247348567298586,"IL-12p40"
"visitScreening",3.4667957729156,2.72104505509372,197.869452625445,1.2740677580571,0.204133798445306,"IL-12p40"
"treatment_groupCRS3123_400mg_po_bid:visitD4",-1.83263201897023,3.77026793268333,197.87507572192,-0.486074743676354,0.627452025312887,"IL-12p40"
"treatment_groupVancomycin_125mg_po_qid:visitD4",-3.25717982687614,3.53719525575372,191.715984183979,-0.920836875368387,0.358292857125374,"IL-12p40"
"treatment_groupCRS3123_400mg_po_bid:visitFUV1",-2.27578641611111,3.47456723565738,191.033874875544,-0.654984135220092,0.513265856898052,"IL-12p40"
"treatment_groupVancomycin_125mg_po_qid:visitFUV1",-2.86127074147757,3.44062474774209,185.02775295113,-0.831613718803622,0.406698959642685,"IL-12p40"
"treatment_groupCRS3123_400mg_po_bid:visitFUV2",-3.86657190376836,3.47456723565738,191.03387480592,-1.11282114908817,0.267183598687199,"IL-12p40"
"treatment_groupVancomycin_125mg_po_qid:visitFUV2",-5.22640482800537,3.48248087611699,186.329511866089,-1.50077057532413,0.135107519772617,"IL-12p40"
"treatment_groupCRS3123_400mg_po_bid:visitFUV3",-1.44664782110603,3.78999373126565,196.22313821178,-0.381701903402075,0.703095510047477,"IL-12p40"
"treatment_groupVancomycin_125mg_po_qid:visitFUV3",-2.70793186652331,3.52468010373472,188.606315493982,-0.768277343425863,0.443283304693484,"IL-12p40"
"treatment_groupCRS3123_400mg_po_bid:visitFUV4",-2.63216729077074,3.71230413474168,196.117271767957,-0.709038698132931,0.479142485814646,"IL-12p40"
"treatment_groupVancomycin_125mg_po_qid:visitFUV4",-3.08095331077939,3.57377419232135,190.11443015881,-0.862100721808098,0.389718207828841,"IL-12p40"
"treatment_groupCRS3123_400mg_po_bid:visitScreening",0.41042259540187,3.89549280567015,200.874455857075,0.105358324575641,0.916196615903954,"IL-12p40"
"treatment_groupVancomycin_125mg_po_qid:visitScreening",-8.02891256722915,3.70046418942168,190.563527631806,-2.16970416581276,0.031266909387391,"IL-12p40"
"(Intercept)",4.78708449768307,0.800176133619212,213.336570007195,5.98253846441407,9.16589126648713e-09,"IL-15"
"treatment_groupCRS3123_400mg_po_bid",1.74910862904121,1.20869906330512,220.007635335659,1.44710017749031,0.149292193737545,"IL-15"
"treatment_groupVancomycin_125mg_po_qid",-1.75986215967147,1.15458762180552,214.088818505725,-1.52423439021409,0.128925985363049,"IL-15"
"visitD4",-2.36988379715197,1.13851175673102,196.47898207984,-2.08156286761285,0.038678195400742,"IL-15"
"visitFUV1",-4.25771727458407,1.07841926838135,192.064726398148,-3.94810942220521,0.000110480249927824,"IL-15"
"visitFUV2",-2.98909778948928,1.07841926838135,192.064726403085,-2.77173996897863,0.00612433545839817,"IL-15"
"visitFUV3",-2.96249890989356,1.10676269982549,195.226515821256,-2.67672456829333,0.00806688455717812,"IL-15"
"visitFUV4",-4.14848025234053,1.13892619643049,197.136999621281,-3.64244870768824,0.000345195119176256,"IL-15"
"visitScreening",-1.68227221647711,1.22194564437594,199.919796079972,-1.37671607916428,0.170139834192424,"IL-15"
"treatment_groupCRS3123_400mg_po_bid:visitD4",-0.887076212518702,1.69347815294939,200.821534455224,-0.523819106242236,0.600981962222233,"IL-15"
"treatment_groupVancomycin_125mg_po_qid:visitD4",1.26802332964628,1.58575715561255,196.786417940532,0.799632733901467,0.424887782216389,"IL-15"
"treatment_groupCRS3123_400mg_po_bid:visitFUV1",-0.729564136718978,1.5572575194814,196.013749318862,-0.468492929134766,0.639952694562694,"IL-15"
"treatment_groupVancomycin_125mg_po_qid:visitFUV1",2.0559501916055,1.53904771307576,191.344718291225,1.33585864436699,0.183182151437623,"IL-15"
"treatment_groupCRS3123_400mg_po_bid:visitFUV2",-2.10909354684091,1.55725751948139,196.013749348208,-1.35436401523577,0.177179465017207,"IL-15"
"treatment_groupVancomycin_125mg_po_qid:visitFUV2",0.755448924266253,1.55836035891454,192.174369669312,0.484771651142648,0.628390428320222,"IL-15"
"treatment_groupCRS3123_400mg_po_bid:visitFUV3",-1.94230717935394,1.70151496187122,199.877765566162,-1.14151636798886,0.255020838454393,"IL-15"
"treatment_groupVancomycin_125mg_po_qid:visitFUV3",0.757087422900422,1.57848024492794,194.153928502952,0.479630597426313,0.632029927753843,"IL-15"
"treatment_groupCRS3123_400mg_po_bid:visitFUV4",-1.62824527278938,1.6665798644729,199.809106575866,-0.976998047017895,0.329751504749563,"IL-15"
"treatment_groupVancomycin_125mg_po_qid:visitFUV4",2.09943006126511,1.60119614376827,195.160857841449,1.31116357570303,0.191343094045216,"IL-15"
"treatment_groupCRS3123_400mg_po_bid:visitScreening",0.409026893087447,1.75152102678498,203.109614247009,0.233526681571297,0.815587646673709,"IL-15"
"treatment_groupVancomycin_125mg_po_qid:visitScreening",0.742119345148109,1.65802501737965,195.035757974478,0.447592368853974,0.65494413945296,"IL-15"
"(Intercept)",0.918476524060963,6.57700141115707,229.682269524304,0.139649738025429,0.889059118867828,"IL-16"
"treatment_groupCRS3123_400mg_po_bid",-0.167656158185678,9.97328682385576,229.831409565685,-0.0168105220622604,0.986602359658013,"IL-16"
"treatment_groupVancomycin_125mg_po_qid",18.5073471993452,9.49304219544779,229.689315622862,1.94956967622245,0.0524445292554902,"IL-16"
"visitD4",-0.8644404570528,9.88808541865667,206.24085555636,-0.0874224301725579,0.930420563020967,"IL-16"
"visitFUV1",0.0864790159341512,9.40151190908281,201.165418788779,0.00919841582614002,0.992669945150619,"IL-16"
"visitFUV2",1.99468482683555,9.4015119090828,201.165419000428,0.21216638835595,0.832192045846663,"IL-16"
"visitFUV3",26.39080935992,9.62597730611927,203.897633596216,2.74162389133654,0.00665704720840838,"IL-16"
"visitFUV4",-0.276689540782051,9.88824464783733,206.400121179124,-0.0279816641513382,0.977703811699753,"IL-16"
"visitScreening",0.457442803038339,10.5755270453055,211.377473404672,0.0432548468817354,0.965539216691465,"IL-16"
"treatment_groupCRS3123_400mg_po_bid:visitD4",0.53787790214055,14.6562576203766,210.385443212657,0.0366995392734323,0.97075937423668,"IL-16"
"treatment_groupVancomycin_125mg_po_qid:visitD4",-18.3434882965218,13.7766097814135,205.244268348157,-1.33149509114134,0.184503081110132,"IL-16"
"treatment_groupCRS3123_400mg_po_bid:visitFUV1",-0.579440018957799,13.5349555700676,204.872752722996,-0.0428106332494524,0.96589418205851,"IL-16"
"treatment_groupVancomycin_125mg_po_qid:visitFUV1",-19.1182924551155,13.4255853669257,200.227884312705,-1.42401928352517,0.155997425351291,"IL-16"
"treatment_groupCRS3123_400mg_po_bid:visitFUV2",-0.360525561254001,13.5349555700676,204.87275287958,-0.0266366268723703,0.97877548719215,"IL-16"
"treatment_groupVancomycin_125mg_po_qid:visitFUV2",-21.2432555568779,13.5834705827743,201.441402804525,-1.56390485240328,0.119409503268777,"IL-16"
"treatment_groupCRS3123_400mg_po_bid:visitFUV3",-26.2000220492833,14.7412874370495,208.78319595295,-1.77732251414042,0.0769709904481011,"IL-16"
"treatment_groupVancomycin_125mg_po_qid:visitFUV3",-45.2889139636833,13.7399374355751,202.896224631477,-3.29615139632458,0.00115700377283413,"IL-16"
"treatment_groupCRS3123_400mg_po_bid:visitFUV4",1.05981758436762,14.4395373168041,208.718599087611,0.0733969213220049,0.941560558076643,"IL-16"
"treatment_groupVancomycin_125mg_po_qid:visitFUV4",-18.9398749962901,13.924935326639,204.209491771388,-1.36014096669141,0.17528491916836,"IL-16"
"treatment_groupCRS3123_400mg_po_bid:visitScreening",-0.702493142982161,15.1288445881523,212.707903033989,-0.0464340246797365,0.963007883487395,"IL-16"
"treatment_groupVancomycin_125mg_po_qid:visitScreening",-18.3977209040159,14.4152137195911,205.13901887247,-1.27627111618972,0.20330273053992,"IL-16"
"(Intercept)",0.527398675063969,0.148104248015705,229.822246819728,3.56099627208562,0.000448968689306749,"IL-17"
"treatment_groupCRS3123_400mg_po_bid",-0.0479187262028324,0.224601274649872,229.906417635471,-0.213350197043771,0.831242893797896,"IL-17"
"treatment_groupVancomycin_125mg_po_qid",0.288552400946661,0.21376977451947,229.825595976415,1.34982787718841,0.17839918146981,"IL-17"
"visitD4",-0.419464610006275,0.223468880299926,194.5589080184,-1.87706050812666,0.0620065716747435,"IL-17"
"visitFUV1",-0.398391199124491,0.21255501533426,187.276958281338,-1.8742968661454,0.062446715462283,"IL-17"
"visitFUV2",-0.434391567990423,0.21255501533426,187.276958431389,-2.04366651761808,0.0423868812245629,"IL-17"
"visitFUV3",-0.334721871270882,0.2175858013623,191.030004959581,-1.53834427235231,0.125619189184933,"IL-17"
"visitFUV4",-0.430690996289399,0.223470211842289,194.700000867414,-1.92728593551141,0.0553994540120101,"IL-17"
"visitScreening",-0.154724079127175,0.238902185215121,202.359029976327,-0.647646144332469,0.517947929852157,"IL-17"
"treatment_groupCRS3123_400mg_po_bid:visitD4",0.229895843816287,0.331117448847487,200.556197800975,0.694303017302412,0.488295672315056,"IL-17"
"treatment_groupVancomycin_125mg_po_qid:visitD4",-0.256533030509664,0.311374412505261,192.967061399169,-0.823873189982588,0.411028728464478,"IL-17"
"treatment_groupCRS3123_400mg_po_bid:visitFUV1",0.0641873410017148,0.305921066834043,192.478412980232,0.209816674823951,0.83403267768384,"IL-17"
"treatment_groupVancomycin_125mg_po_qid:visitFUV1",-0.247829777477571,0.303555043662863,185.91541466262,-0.816424509002125,0.415302244988987,"IL-17"
"treatment_groupCRS3123_400mg_po_bid:visitFUV2",0.0574444923345189,0.305921066834043,192.478413081327,0.187775536117888,0.85125041962558,"IL-17"
"treatment_groupVancomycin_125mg_po_qid:visitFUV2",-0.264516674709235,0.307096840463185,187.678579009358,-0.861346128831127,0.390146562315514,"IL-17"
"treatment_groupCRS3123_400mg_po_bid:visitFUV3",-0.027547643607388,0.333083876316088,198.085914973279,-0.0827048247188226,0.934169761696631,"IL-17"
"treatment_groupVancomycin_125mg_po_qid:visitFUV3",-0.262793896188915,0.310601375744417,189.616225870514,-0.8460809149962,0.398574069366593,"IL-17"
"treatment_groupCRS3123_400mg_po_bid:visitFUV4",0.0781347192918466,0.326267375080049,198.001639860625,0.23948063845696,0.810980627099092,"IL-17"
"treatment_groupVancomycin_125mg_po_qid:visitFUV4",-0.247060427662601,0.314751599266291,191.525929682483,-0.78493779932657,0.433459882542533,"IL-17"
"treatment_groupCRS3123_400mg_po_bid:visitScreening",0.329882835375556,0.341725417837016,204.03854726283,0.965344742172185,0.335514929357704,"IL-17"
"treatment_groupVancomycin_125mg_po_qid:visitScreening",-0.528648473139254,0.325808468335749,193.057531167834,-1.62257437886629,0.106312264911333,"IL-17"
"(Intercept)",1571.24291291343,243.104326254883,212.330110982307,6.4632453774848,6.9090821218348e-10,"IL-1a"
"treatment_groupCRS3123_400mg_po_bid",217.534492297559,367.28929235656,219.412786546937,0.592270171836046,0.554279526666238,"IL-1a"
"treatment_groupVancomycin_125mg_po_qid",0.10077320267169,350.78620431568,213.115551833521,0.000287278123916761,0.999771053950361,"IL-1a"
"visitD4",-780.426435371294,346.589658445915,192.981414447604,-2.25173029937095,0.0254661697726828,"IL-1a"
"visitFUV1",-1368.13114150581,328.326291943171,188.139147575335,-4.16698624227942,4.70138730146449e-05,"IL-1a"
"visitFUV2",-1372.66897505377,328.326291943171,188.139147612496,-4.1808073515214,4.44743664065166e-05,"IL-1a"
"visitFUV3",-1390.86700744976,336.933449609283,191.584674167148,-4.128016998795,5.4563261950246e-05,"IL-1a"
"visitFUV4",-1338.12190211983,346.711034544467,193.691383484941,-3.85947307352922,0.000154728535663747,"IL-1a"
"visitScreening",-722.043694605446,371.961369986519,196.795536257467,-1.94117925372631,0.0536646914731258,"IL-1a"
"treatment_groupCRS3123_400mg_po_bid:visitD4",-471.177136390599,515.486380801712,197.744614485053,-0.914043811706139,0.361806977544659,"IL-1a"
"treatment_groupVancomycin_125mg_po_qid:visitD4",-176.323039027064,482.738706510747,193.274676348605,-0.365255647929152,0.715319979955621,"IL-1a"
"treatment_groupCRS3123_400mg_po_bid:visitFUV1",-162.093696989993,474.070445067608,192.446157302964,-0.341919009456236,0.732784933866802,"IL-1a"
"treatment_groupVancomycin_125mg_po_qid:visitFUV1",286.391161117054,468.572203398706,187.351919310325,0.611199638048877,0.541808279427081,"IL-1a"
"treatment_groupCRS3123_400mg_po_bid:visitFUV2",-169.387505554555,474.070445067608,192.446157341714,-0.357304504672083,0.721255377570028,"IL-1a"
"treatment_groupVancomycin_125mg_po_qid:visitFUV2",-19.3925141676089,474.443952100239,188.264266307618,-0.0408741940576191,0.967439504865338,"IL-1a"
"treatment_groupCRS3123_400mg_po_bid:visitFUV3",-122.64127028742,517.943470684873,196.692463552643,-0.236785049390142,0.813069969481429,"IL-1a"
"treatment_groupVancomycin_125mg_po_qid:visitFUV3",195.018278500137,480.549867723244,190.414959259838,0.40582318630967,0.685328176323996,"IL-1a"
"treatment_groupCRS3123_400mg_po_bid:visitFUV4",-125.848223351722,507.309941393357,196.615712993839,-0.248069696813102,0.804339372753571,"IL-1a"
"treatment_groupVancomycin_125mg_po_qid:visitFUV4",609.40047147085,487.455195251944,191.523139932367,1.2501671485025,0.212763848748208,"IL-1a"
"treatment_groupCRS3123_400mg_po_bid:visitScreening",42.4320028140215,533.127347636586,200.261433755545,0.0795907450670603,0.936642232632617,"IL-1a"
"treatment_groupVancomycin_125mg_po_qid:visitScreening",494.922533810464,504.756936332426,191.407310860467,0.980516557942881,0.328068904377418,"IL-1a"
"(Intercept)",0.427022457242499,1.11141477882548,224.386924740085,0.384215205140394,0.701182802683474,"IL-5"
"treatment_groupCRS3123_400mg_po_bid",-0.301374029686727,1.68273750703069,226.831780553364,-0.179097469704899,0.858021038364234,"IL-5"
"treatment_groupVancomycin_125mg_po_qid",0.0442034657426659,1.60402256769355,224.603853953393,0.0275578826837997,0.978039243436632,"IL-5"
"visitD4",-0.477474468652661,1.6242589412377,201.739559039681,-0.293964500690278,0.769087251570282,"IL-5"
"visitFUV1",0.00515610342604553,1.54075599416448,197.085774121564,0.00334647630486201,0.997333288043455,"IL-5"
"visitFUV2",0.607191784471803,1.54075599416448,197.085774168072,0.394086920168739,0.693942931632424,"IL-5"
"visitFUV3",5.30000206829091,1.57969681643271,200.110377033253,3.35507548863677,0.000949201884375664,"IL-5"
"visitFUV4",-0.23858079436674,1.62454693351622,202.222432292452,-0.146859896408378,0.883388913129721,"IL-5"
"visitScreening",-0.41092568972815,1.74115538459733,205.723628956631,-0.236007477197783,0.81366166394652,"IL-5"
"treatment_groupCRS3123_400mg_po_bid:visitD4",0.458072840340574,2.41257075780178,205.966454559577,0.189869183674409,0.849598631131792,"IL-5"
"treatment_groupVancomycin_125mg_po_qid:visitD4",0.0732029444917338,2.2623089811832,201.484254249203,0.0323576244892279,0.974218886597847,"IL-5"
"treatment_groupCRS3123_400mg_po_bid:visitFUV1",-0.0613947067491103,2.2221265459145,200.917911324947,-0.0276288075771328,0.977985628442134,"IL-5"
"treatment_groupVancomycin_125mg_po_qid:visitFUV1",-0.392131671025189,2.19937544065614,196.314425853156,-0.17829228415327,0.858677288069091,"IL-5"
"treatment_groupCRS3123_400mg_po_bid:visitFUV2",-0.348198229334363,2.2221265459145,200.917911324116,-0.156695949640917,0.875641821673508,"IL-5"
"treatment_groupVancomycin_125mg_po_qid:visitFUV2",-1.01743214372233,2.22635278002032,197.269890076722,-0.45699502471169,0.648177452067141,"IL-5"
"treatment_groupCRS3123_400mg_po_bid:visitFUV3",-5.11463413673225,2.42487284104744,204.816951441798,-2.10923808051022,0.0361387794962938,"IL-5"
"treatment_groupVancomycin_125mg_po_qid:visitFUV3",-5.70357242436082,2.25374238140149,199.080427708478,-2.53071179360529,0.0121566945971964,"IL-5"
"treatment_groupCRS3123_400mg_po_bid:visitFUV4",0.339807980904688,2.37514563222923,204.738077448403,0.143068271811929,0.886376967409792,"IL-5"
"treatment_groupVancomycin_125mg_po_qid:visitFUV4",-0.181367368181483,2.28540268422757,200.191546112387,-0.0793590422524518,0.93682631663869,"IL-5"
"treatment_groupCRS3123_400mg_po_bid:visitScreening",0.376224901695083,2.4933310534172,208.186891287253,0.150892478228855,0.88020663766894,"IL-5"
"treatment_groupVancomycin_125mg_po_qid:visitScreening",-0.00968111253249142,2.36648818163053,200.402258259562,-0.00409091945087216,0.996739997025445,"IL-5"
"(Intercept)",0.0789031331211841,0.0819069150156914,229.999999997351,0.963326882792108,0.336395225122501,"IL-7"
"treatment_groupCRS3123_400mg_po_bid",-0.010304187843835,0.124217986914101,229.999999996671,-0.0829524620372453,0.933961487524786,"IL-7"
"treatment_groupVancomycin_125mg_po_qid",0.312410248978913,0.118222448582003,229.999999997895,2.64256283579014,0.00879334125663902,"IL-7"
"visitD4",-0.033203390049062,0.124217986914101,229.999999996664,-0.267299373254397,0.789478197330659,"IL-7"
"visitFUV1",0.0821349848470141,0.118222448582003,229.999999996507,0.694749481440848,0.487913538882012,"IL-7"
"visitFUV2",-0.032397064370979,0.118222448582003,229.999999996515,-0.274034794233747,0.784303832922936,"IL-7"
"visitFUV3",0.0184083144013078,0.120984531489587,229.999999996689,0.152154281003205,0.879198637732215,"IL-7"
"visitFUV4",-0.0307365701824883,0.124217986914101,229.999999996672,-0.247440575604749,0.804788018920563,"IL-7"
"visitScreening",-0.0259195156568561,0.132704369405806,229.999999998147,-0.195317725956671,0.84531665613057,"IL-7"
"treatment_groupCRS3123_400mg_po_bid:visitD4",0.0091554677590412,0.183961626380009,229.999999995953,0.0497683562556073,0.960350175567556,"IL-7"
"treatment_groupVancomycin_125mg_po_qid:visitD4",-0.305364356844913,0.173106087459873,229.99999999711,-1.76403014663305,0.0790544293794996,"IL-7"
"treatment_groupCRS3123_400mg_po_bid:visitFUV1",0.12900482321005,0.170080744685038,229.999999997378,0.758491641419761,0.448933249067384,"IL-7"
"treatment_groupVancomycin_125mg_po_qid:visitFUV1",-0.408941371402043,0.168855431039093,229.999999997056,-2.42184316421168,0.0162166052815906,"IL-7"
"treatment_groupCRS3123_400mg_po_bid:visitFUV2",0.00578170650794599,0.170080744685038,229.999999997378,0.0339938922460199,0.972911503798849,"IL-7"
"treatment_groupVancomycin_125mg_po_qid:visitFUV2",-0.321291344183898,0.170800661891072,229.99999999767,-1.88108957322894,0.0612230607059464,"IL-7"
"treatment_groupCRS3123_400mg_po_bid:visitFUV3",-0.00570687069837204,0.185095460066864,229.999999999311,-0.030832040376952,0.975430225682673,"IL-7"
"treatment_groupVancomycin_125mg_po_qid:visitFUV3",-0.336559809451721,0.172723986792394,229.999999996949,-1.94854122870757,0.0525664571030506,"IL-7"
"treatment_groupCRS3123_400mg_po_bid:visitFUV4",0.0249923905091199,0.181308685297202,229.999999994175,0.13784441968763,0.890483978214055,"IL-7"
"treatment_groupVancomycin_125mg_po_qid:visitFUV4",-0.216219474655875,0.175004077171635,229.999999996428,-1.23551107008677,0.217900839752756,"IL-7"
"treatment_groupCRS3123_400mg_po_bid:visitScreening",0.0758040580292063,0.189795209019561,229.999999997788,0.399399217824268,0.689969689618537,"IL-7"
"treatment_groupVancomycin_125mg_po_qid:visitScreening",-0.305324097549709,0.181126387953541,229.999999996537,-1.68569638581886,0.0932104086734394,"IL-7"
"(Intercept)",0.61937837806033,1.6730770093961,227.246782876987,0.370203149395911,0.711575935526352,"TNF-b"
"treatment_groupCRS3123_400mg_po_bid",-0.104021759034556,2.53516921155868,228.485419781923,-0.0410314856145643,0.96730662656513,"TNF-b"
"treatment_groupVancomycin_125mg_po_qid",-0.106141210274043,2.41476978261927,227.338584455192,-0.0439550018548406,0.964978855268092,"TNF-b"
"visitD4",-0.63816212476472,2.47437409234313,202.365934157835,-0.257908505726557,0.796739609082273,"TNF-b"
"visitFUV1",-0.156379835201214,2.34914590021044,197.34626045885,-0.0665688049376606,0.946992371741293,"TNF-b"
"visitFUV2",0.724228643377055,2.34914590021044,197.346260496417,0.308294450043387,0.758183460168416,"TNF-b"
"visitFUV3",8.00941737602987,2.40724966609262,200.408318447762,3.32720676581525,0.00104356350979171,"TNF-b"
"visitFUV4",-0.536974902948018,2.47461885810808,202.755502492637,-0.216992972953642,0.828432009867837,"TNF-b"
"visitScreening",-0.517289092774324,2.65038443841646,206.932741317144,-0.195175116966576,0.84544735816354,"TNF-b"
"treatment_groupCRS3123_400mg_po_bid:visitD4",0.392740759802148,3.67238611578548,206.748411805994,0.106944299270162,0.91493687034543,"TNF-b"
"treatment_groupVancomycin_125mg_po_qid:visitD4",0.240446550589828,3.44662062236657,201.80293786373,0.0697629872662716,0.944451388111322,"TNF-b"
"treatment_groupCRS3123_400mg_po_bid:visitFUV1",-0.219803328028987,3.38572448972181,201.29557161983,-0.0649206185252976,0.948301630975817,"TNF-b"
"treatment_groupVancomycin_125mg_po_qid:visitFUV1",-0.251740434292078,3.35378689075432,196.491951628764,-0.0750615475855287,0.940242106337131,"TNF-b"
"treatment_groupCRS3123_400mg_po_bid:visitFUV2",-0.314337432835895,3.38572448972181,201.29557161687,-0.0928419999294517,0.926121420382684,"TNF-b"
"treatment_groupVancomycin_125mg_po_qid:visitFUV2",-1.14534642878813,3.39433493268781,197.577734926289,-0.337428819341994,0.736151864425845,"TNF-b"
"treatment_groupCRS3123_400mg_po_bid:visitFUV3",-8.14945011953636,3.69197188584974,205.390651527815,-2.20734349326192,0.0283972735161345,"TNF-b"
"treatment_groupVancomycin_125mg_po_qid:visitFUV3",-8.40665968118357,3.43503190729896,199.348719780376,-2.44733088601611,0.0152576656635031,"TNF-b"
"treatment_groupCRS3123_400mg_po_bid:visitFUV4",0.269658158277927,3.61631411427714,205.308650693584,0.0745671282296307,0.940631732036022,"TNF-b"
"treatment_groupVancomycin_125mg_po_qid:visitFUV4",0.141674993563111,3.48257544672947,200.581328540022,0.0406810981499796,0.967590594562766,"TNF-b"
"treatment_groupCRS3123_400mg_po_bid:visitScreening",0.63013206351372,3.79366827399791,209.086060644196,0.166100991969354,0.868237978893804,"TNF-b"
"treatment_groupVancomycin_125mg_po_qid:visitScreening",0.334772162363457,3.60592653352146,201.044354138886,0.0928394295478133,0.926123575156692,"TNF-b"
"(Intercept)",816.889942872949,207.041013800344,203.954069502646,3.94554647834511,0.000109505267677241,"VEGF"
"treatment_groupCRS3123_400mg_po_bid",535.486999791194,312.290801930883,213.804564200397,1.71470628171018,0.0878480810578332,"VEGF"
"treatment_groupVancomycin_125mg_po_qid",-67.8386795668595,298.695752106295,205.15831301082,-0.227116318489585,0.820559449689308,"VEGF"
"visitD4",-545.841035732492,290.312814247153,191.986997632278,-1.88018237206643,0.0615976692866397,"VEGF"
"visitFUV1",-775.60435443605,274.822361636713,187.554351803356,-2.82220249406531,0.0052837970146042,"VEGF"
"visitFUV2",-689.502122454788,274.822361636713,187.554351780631,-2.50890108922883,0.0129580743055942,"VEGF"
"visitFUV3",-789.363461358415,282.170231473284,190.850410152897,-2.7974724946602,0.00567830834703842,"VEGF"
"visitFUV4",-766.057248941544,290.446963622276,192.733587000816,-2.63751164545757,0.00903339040044337,"VEGF"
"visitScreening",77.525568444044,311.736659712636,195.32167232195,0.248689289593044,0.803862426119697,"VEGF"
"treatment_groupCRS3123_400mg_po_bid:visitD4",-14.7263112924159,432.096513432255,196.516393694511,-0.0340810694708942,0.972847095487715,"VEGF"
"treatment_groupVancomycin_125mg_po_qid:visitD4",215.717174541073,404.382927738189,192.594864421213,0.533447778687472,0.594338728204922,"VEGF"
"treatment_groupCRS3123_400mg_po_bid:visitFUV1",-345.736742081989,397.068460365729,191.668968667483,-0.870723254532834,0.384994516128912,"VEGF"
"treatment_groupVancomycin_125mg_po_qid:visitFUV1",156.538037346566,392.16957290979,186.82809092948,0.399159058121458,0.690231898082554,"VEGF"
"treatment_groupCRS3123_400mg_po_bid:visitFUV2",-474.792079193215,397.068460365729,191.66896866185,-1.19574362253778,0.233273856365093,"VEGF"
"treatment_groupVancomycin_125mg_po_qid:visitFUV2",97.2546486898277,397.134706620096,187.63100707927,0.244890831923342,0.806808578533545,"VEGF"
"treatment_groupCRS3123_400mg_po_bid:visitFUV3",-316.42060010168,434.089870674057,195.619371896847,-0.728928780600985,0.466917015932142,"VEGF"
"treatment_groupVancomycin_125mg_po_qid:visitFUV3",194.090557166837,402.374150930323,189.725604482971,0.482363384223571,0.630103862352221,"VEGF"
"treatment_groupCRS3123_400mg_po_bid:visitFUV4",-534.220271766055,425.173265355726,195.557568123508,-1.25647663034291,0.210442051176242,"VEGF"
"treatment_groupVancomycin_125mg_po_qid:visitFUV4",155.422583884024,408.220965268335,190.718427385977,0.380731508441417,0.703826223319975,"VEGF"
"treatment_groupCRS3123_400mg_po_bid:visitScreening",175.574007702813,447.059085282114,198.932002479332,0.392731103075599,0.694938592463622,"VEGF"
"treatment_groupVancomycin_125mg_po_qid:visitScreening",-456.311094295568,422.698295473448,190.465705236828,-1.07951959868793,0.281721286448441,"VEGF"
"(Intercept)",112.230161150205,23.2919976098466,224.116048059801,4.81839999428647,2.66654723948722e-06,"IFN-g"
"treatment_groupCRS3123_400mg_po_bid",-54.7097099878112,35.2804745189733,226.709947285834,-1.55070788399938,0.122366528444048,"IFN-g"
"treatment_groupVancomycin_125mg_po_qid",-63.000971378852,33.6167143887938,224.327322641474,-1.87409663687578,0.0622170119869012,"IFN-g"
"visitD4",-99.0471467812771,34.2454650847095,191.347605421949,-2.89227045205181,0.00426771575634717,"IFN-g"
"visitFUV1",-112.740066661848,32.4981415472181,185.074888189485,-3.46912350350996,0.000649520549618229,"IFN-g"
"visitFUV2",-106.030951943458,32.4981415472182,185.074888186334,-3.26267739924143,0.00131426316589727,"IFN-g"
"visitFUV3",-106.767736588395,33.3108739469754,189.018040924538,-3.20519169681196,0.00158466020859938,"IFN-g"
"visitFUV4",-115.360325703827,34.2501440344368,191.924972381885,-3.36817052762869,0.000914368696717392,"IFN-g"
"visitScreening",-78.9654673889183,36.6964904711943,196.972121169086,-2.15185338911098,0.0326258981941167,"IFN-g"
"treatment_groupCRS3123_400mg_po_bid:visitD4",45.6001019200744,50.8465168087762,197.032584551533,0.896818598048073,0.370910167486769,"IFN-g"
"treatment_groupVancomycin_125mg_po_qid:visitD4",55.3202789703583,47.6993269898748,190.818829362889,1.1597706395753,0.247591298672086,"IFN-g"
"treatment_groupCRS3123_400mg_po_bid:visitFUV1",55.7371024713494,46.8543607293825,190.117383592207,1.18958196427588,0.235694237036228,"IFN-g"
"treatment_groupVancomycin_125mg_po_qid:visitFUV1",63.7224626897466,46.3930394559948,184.034753149773,1.37353498363023,0.17125698901143,"IFN-g"
"treatment_groupCRS3123_400mg_po_bid:visitFUV2",61.5149369573579,46.8543607293825,190.117383585001,1.31289672934928,0.190800288846028,"IFN-g"
"treatment_groupVancomycin_125mg_po_qid:visitFUV2",56.3737668403373,46.9582047389699,185.341680197698,1.20050941371601,0.231473672909425,"IFN-g"
"treatment_groupCRS3123_400mg_po_bid:visitFUV3",53.1441146332782,51.1113999048244,195.37608438191,1.03977028084222,0.299731661871373,"IFN-g"
"treatment_groupVancomycin_125mg_po_qid:visitFUV3",62.2802187105953,47.5286264480552,187.66157535782,1.31037278720146,0.191671293446304,"IFN-g"
"treatment_groupCRS3123_400mg_po_bid:visitFUV4",61.2398667476098,50.0636156348544,195.268618915879,1.22324098990914,0.222712831017766,"IFN-g"
"treatment_groupVancomycin_125mg_po_qid:visitFUV4",70.4899505316076,48.1915799212596,189.180436298871,1.46270262661613,0.145208100032734,"IFN-g"
"treatment_groupCRS3123_400mg_po_bid:visitScreening",54.1198705407021,52.5375074011086,200.074932403953,1.03011873265156,0.304197941363732,"IFN-g"
"treatment_groupVancomycin_125mg_po_qid:visitScreening",63.4371042779986,49.9002507344294,189.605670359136,1.27127826702941,0.205186996923277,"IFN-g"
"(Intercept)",0.279107250816952,2.73921387372801,229.999999998826,0.101893194063409,0.918930226975,"IL-10"
"treatment_groupCRS3123_400mg_po_bid",0.688583256215715,4.15422352381949,229.999999998415,0.165754984600014,0.86849537995153,"IL-10"
"treatment_groupVancomycin_125mg_po_qid",-0.185119894420963,3.95371466841206,229.99999999811,-0.0468217638212402,0.962695912141374,"IL-10"
"visitD4",-0.201134709253608,4.15422352381949,229.999999998416,-0.0484169202981836,0.961425991134419,"IL-10"
"visitFUV1",-0.169189782385123,3.95371466841206,229.999999998102,-0.0427926131687886,0.965903978616993,"IL-10"
"visitFUV2",2.73650228145399,3.95371466841206,229.999999998357,0.692134488944559,0.489551019098189,"IL-10"
"visitFUV3",1.01629012146665,4.04608703794145,229.999999999736,0.251178511963922,0.801900359449716,"IL-10"
"visitFUV4",-0.214891179200565,4.15422352381949,229.999999995665,-0.0517283622242331,0.958790035252224,"IL-10"
"visitScreening",-0.107642873879683,4.43803370827814,229.999999996871,-0.0242546318832368,0.980670530881991,"IL-10"
"treatment_groupCRS3123_400mg_po_bid:visitD4",-0.696059512060825,6.15223072578367,229.999999997977,-0.113139370593446,0.910018751627321,"IL-10"
"treatment_groupVancomycin_125mg_po_qid:visitD4",0.144744454676922,5.78918881642676,229.999999999583,0.0250025451348575,0.980074612290406,"IL-10"
"treatment_groupCRS3123_400mg_po_bid:visitFUV1",-0.587745870717272,5.68801224421642,229.999999999676,-0.103330626848579,0.917790609141379,"IL-10"
"treatment_groupVancomycin_125mg_po_qid:visitFUV1",0.129889854353027,5.64703406626896,229.999999998639,0.0230014292155397,0.981669075624047,"IL-10"
"treatment_groupCRS3123_400mg_po_bid:visitFUV2",7.31138803318604,5.68801224421642,229.999999999676,1.28540300535047,0.199944268984522,"IL-10"
"treatment_groupVancomycin_125mg_po_qid:visitFUV2",-2.80074569255926,5.71208844337894,229.999999997146,-0.490319034854178,0.62437557335356,"IL-10"
"treatment_groupCRS3123_400mg_po_bid:visitFUV3",-1.824590687875,6.1901495384375,229.999999997617,-0.294757126067031,0.768445296457528,"IL-10"
"treatment_groupVancomycin_125mg_po_qid:visitFUV3",-0.954613048759038,5.77641021953638,229.999999997156,-0.165260605199133,0.86888402629179,"IL-10"
"treatment_groupCRS3123_400mg_po_bid:visitFUV4",-0.655997822518686,6.06350838751936,229.999999998244,-0.108187831300595,0.913941017447908,"IL-10"
"treatment_groupVancomycin_125mg_po_qid:visitFUV4",0.150701312071788,5.8526633075568,229.999999996317,0.0257491853114472,0.979479719216283,"IL-10"
"treatment_groupCRS3123_400mg_po_bid:visitScreening",0.0196307243915875,6.34732329515635,229.999999997069,0.00309275634448425,0.997535022185376,"IL-10"
"treatment_groupVancomycin_125mg_po_qid:visitScreening",0.103783982166404,6.05741181541915,229.999999998413,0.0171333872169995,0.986345056929575,"IL-10"
"(Intercept)",0.408889590687678,1.6348950020192,210.627658961039,0.250101437818742,0.802752671848405,"IL-12p70"
"treatment_groupCRS3123_400mg_po_bid",0.399348878033092,2.47048113914875,218.384692732779,0.161648219735324,0.871732335042982,"IL-12p70"
"treatment_groupVancomycin_125mg_po_qid",-0.266188018566111,2.35910555111826,211.473144145518,-0.11283429791428,0.91026896347278,"IL-12p70"
"visitD4",-0.385568359020712,2.33518173865687,188.022965008509,-0.165112784430423,0.869032594823031,"IL-12p70"
"visitFUV1",-0.0761677325492394,2.21232373273811,182.62305842104,-0.034428836712324,0.972572790148293,"IL-12p70"
"visitFUV2",0.710621934965106,2.2123237327381,182.623058374016,0.321210645824243,0.748418073320711,"IL-12p70"
"visitFUV3",2.46053236210765,2.27018016947729,186.439806267375,1.08384893639265,0.27983142001451,"IL-12p70"
"visitFUV4",-0.333374617855682,2.33596945177336,188.803111133616,-0.142713603383212,0.886668559379279,"IL-12p70"
"visitScreening",-0.392470861645863,2.50594891163479,192.328113932915,-0.15661566755159,0.875712032688791,"IL-12p70"
"treatment_groupCRS3123_400mg_po_bid:visitD4",0.075150669728303,3.47283382490314,193.34675854102,0.0216395812518899,0.982757775362366,"IL-12p70"
"treatment_groupVancomycin_125mg_po_qid:visitD4",0.391423474126536,3.25248308131153,188.304584816943,0.120346044649892,0.904337339950813,"IL-12p70"
"treatment_groupCRS3123_400mg_po_bid:visitFUV1",-0.484890502698199,3.19412784085764,187.39919601875,-0.151806855222176,0.87950257956124,"IL-12p70"
"treatment_groupVancomycin_125mg_po_qid:visitFUV1",1.17139551258463,3.15737107849733,181.748966759225,0.371003434015784,0.711067057474383,"IL-12p70"
"treatment_groupCRS3123_400mg_po_bid:visitFUV2",3.2406042931438,3.19412784085764,187.399196014421,1.01455059240011,0.311628188994392,"IL-12p70"
"treatment_groupVancomycin_125mg_po_qid:visitFUV2",-0.752510631118509,3.19688447948755,182.767433965684,-0.235388746746061,0.814170558086764,"IL-12p70"
"treatment_groupCRS3123_400mg_po_bid:visitFUV3",1.69975792231336,3.48945654466678,192.151432633408,0.487112506075262,0.626733819814152,"IL-12p70"
"treatment_groupVancomycin_125mg_po_qid:visitFUV3",-1.07372802040078,3.23790282662652,185.142343355908,-0.331612181678556,0.740557191548236,"IL-12p70"
"treatment_groupCRS3123_400mg_po_bid:visitFUV4",4.60073961261329,3.41782192758129,192.064129704607,1.34610278419892,0.179856015914201,"IL-12p70"
"treatment_groupVancomycin_125mg_po_qid:visitFUV4",0.94228049928259,3.28436447313729,186.382202999392,0.286898883174956,0.774508437443903,"IL-12p70"
"treatment_groupCRS3123_400mg_po_bid:visitScreening",0.567144303902163,3.5915091800795,196.172625023591,0.157912530767806,0.874688150328738,"IL-12p70"
"treatment_groupVancomycin_125mg_po_qid:visitScreening",0.305828133329303,3.40094625036909,186.275847252188,0.0899244242087369,0.928443887816766,"IL-12p70"
"(Intercept)",3.78899626876908,0.527331262330372,176.185979832246,7.18522973969876,1.82321221050541e-11,"IL-13"
"treatment_groupCRS3123_400mg_po_bid",-0.248690113156696,0.791030017670288,192.879008863846,-0.314387706662674,0.753566394286317,"IL-13"
"treatment_groupVancomycin_125mg_po_qid",-2.01705963330644,0.760227915180017,178.645031705741,-2.65323016036423,0.00869107045109876,"IL-13"
"visitD4",-2.40045447016514,0.702818241063924,189.437482829355,-3.41546978992939,0.000778977914877391,"IL-13"
"visitFUV1",-3.00606651110484,0.664303601738447,185.958423447654,-4.52513956455772,1.07446064407358e-05,"IL-13"
"visitFUV2",-2.39026247266433,0.664303601738447,185.958423438117,-3.59814769392962,0.000410793077786352,"IL-13"
"visitFUV3",-2.61763645226994,0.68287324653473,188.785375257307,-3.83326842214605,0.000172154456060162,"IL-13"
"visitFUV4",-2.97510229000726,0.703351288198231,190.1886551698,-4.22989527413613,3.63092526788388e-05,"IL-13"
"visitScreening",-0.636121498829529,0.755523311883847,191.821882337777,-0.841961444238434,0.40085800874239,"IL-13"
"treatment_groupCRS3123_400mg_po_bid:visitD4",-0.116064204957876,1.04780168682267,193.320263252667,-0.11076924805287,0.911914244641079,"IL-13"
"treatment_groupVancomycin_125mg_po_qid:visitD4",1.57221312384193,0.979339908412715,190.729412262013,1.60538043056994,0.110064547527854,"IL-13"
"treatment_groupCRS3123_400mg_po_bid:visitFUV1",0.417346514506834,0.96122601302765,189.523698671618,0.434181460811994,0.664650552879959,"IL-13"
"treatment_groupVancomycin_125mg_po_qid:visitFUV1",2.11248773458146,0.947716824479342,185.359404604758,2.2290284186334,0.0270132508785875,"IL-13"
"treatment_groupCRS3123_400mg_po_bid:visitFUV2",-0.553415947905285,0.961226013027651,189.523698661783,-0.575739670384228,0.565474146582426,"IL-13"
"treatment_groupVancomycin_125mg_po_qid:visitFUV2",1.39287107342577,0.959967682883051,185.939711016602,1.45095621265352,0.148477002746075,"IL-13"
"treatment_groupCRS3123_400mg_po_bid:visitFUV3",0.322652041922294,1.05232381536276,192.709553967401,0.306609084781635,0.759471965477404,"IL-13"
"treatment_groupVancomycin_125mg_po_qid:visitFUV3",2.18155054777262,0.973375977258696,187.794920859267,2.24122086299735,0.0261826488549683,"IL-13"
"treatment_groupCRS3123_400mg_po_bid:visitFUV4",0.6214649104378,1.03069094548231,192.686975082359,0.602959512899366,0.547244641031158,"IL-13"
"treatment_groupVancomycin_125mg_po_qid:visitFUV4",2.1235884486352,0.987850169247114,188.53910734924,2.14970702515918,0.0328525469740081,"IL-13"
"treatment_groupCRS3123_400mg_po_bid:visitScreening",0.839651650908956,1.08508470580361,195.480431629242,0.77381207791249,0.439976735225097,"IL-13"
"treatment_groupVancomycin_125mg_po_qid:visitScreening",0.4941508040411,1.02274166878508,188.109847733502,0.483162873991539,0.629541964955981,"IL-13"
"(Intercept)",2278.11672522403,359.097176466604,169.901331775781,6.34401180103929,1.9574122286074e-09,"IL-1b"
"treatment_groupCRS3123_400mg_po_bid",252.192337696266,538.940982727439,188.248410154172,0.467940545957345,0.640368403187905,"IL-1b"
"treatment_groupVancomycin_125mg_po_qid",-1084.04903882093,517.730617198016,172.534895925966,-2.0938476551529,0.0377351731528292,"IL-1b"
"visitD4",-1616.06697271898,480.764716259386,182.262680518025,-3.36145086788579,0.000944637007199593,"IL-1b"
"visitFUV1",-2377.3776209694,454.46796749871,178.241260181284,-5.23112252345078,4.69183084506323e-07,"IL-1b"
"visitFUV2",-2033.10077019903,454.46796749871,178.241260156738,-4.4735843130788,1.36719075076311e-05,"IL-1b"
"visitFUV3",-2327.10328806034,467.1309645023,181.487159600188,-4.98169349689702,1.46184762340582e-06,"IL-1b"
"visitFUV4",-2248.03824400588,481.118069504341,183.120933631754,-4.67252923242285,5.7480151821063e-06,"IL-1b"
"visitScreening",-588.534138052158,516.778723718071,185.052268104856,-1.13885133238038,0.256237300128424,"IL-1b"
"treatment_groupCRS3123_400mg_po_bid:visitD4",-206.454910651582,716.663632122896,186.753966255142,-0.288077839306598,0.773606612005943,"IL-1b"
"treatment_groupVancomycin_125mg_po_qid:visitD4",1199.36791775805,669.893624953884,183.678573480731,1.79038562703238,0.0750389494577371,"IL-1b"
"treatment_groupCRS3123_400mg_po_bid:visitFUV1",-61.1842377518953,657.527739596805,182.332499575277,-0.0930519490925406,0.92596445620959,"IL-1b"
"treatment_groupVancomycin_125mg_po_qid:visitFUV1",1283.74368523908,648.370568091512,177.555030455836,1.97995366911517,0.0492537979844394,"IL-1b"
"treatment_groupCRS3123_400mg_po_bid:visitFUV2",-405.749849517787,657.527739596805,182.332499573093,-0.617084002823351,0.537949133134527,"IL-1b"
"treatment_groupVancomycin_125mg_po_qid:visitFUV2",987.398700535636,656.740036913,178.226956951768,1.50348485707814,0.134483957932719,"IL-1b"
"treatment_groupCRS3123_400mg_po_bid:visitFUV3",116.415136414869,719.770751138371,186.03398858162,0.161739187415924,0.87168676840001,"IL-1b"
"treatment_groupVancomycin_125mg_po_qid:visitFUV3",1618.78364540507,665.874778370225,180.350684169998,2.4310631638086,0.016033099272018,"IL-1b"
"treatment_groupCRS3123_400mg_po_bid:visitFUV4",-116.290729164245,704.974788843579,186.004816246927,-0.164957287841463,0.869156735071708,"IL-1b"
"treatment_groupVancomycin_125mg_po_qid:visitFUV4",1326.684027334,675.760667156895,181.214466166239,1.96324540893408,0.0511478680033034,"IL-1b"
"treatment_groupCRS3123_400mg_po_bid:visitScreening",-5.02709899064179,742.112606384045,189.257650387523,-0.00677403799288144,0.994602276030268,"IL-1b"
"treatment_groupVancomycin_125mg_po_qid:visitScreening",1183.25914147438,699.638181431004,180.735707762475,1.69124437870758,0.092513737887451,"IL-1b"
"(Intercept)",1.03160095525293,0.529289991466162,229.999999998537,1.94902788997642,0.0525079512066018,"IL-2"
"treatment_groupCRS3123_400mg_po_bid",2.24647348601281,0.802708015814202,229.999999995809,2.7986184786434,0.00556760629715901,"IL-2"
"treatment_groupVancomycin_125mg_po_qid",-0.471617680702328,0.763964297630909,229.999999995774,-0.617329477522494,0.537628102602719,"IL-2"
"visitD4",-0.702356921727325,0.802708015814203,229.99999999581,-0.874984312963301,0.38249522724888,"IL-2"
"visitFUV1",-0.858912220141859,0.763964297630908,229.999999997888,-1.12428319334475,0.262064905461676,"IL-2"
"visitFUV2",-0.680613935147593,0.763964297630908,229.999999995774,-0.890897568457336,0.373915117010957,"IL-2"
"visitFUV3",0.943015399061924,0.781813130520097,229.999999997768,1.2061902803226,0.228983400852229,"IL-2"
"visitFUV4",-0.859996484463314,0.802708015814203,229.999999997724,-1.07136900033445,0.285126470814531,"IL-2"
"visitScreening",-0.161109079416632,0.857547797238676,229.999999996511,-0.187871836340094,0.851142762995933,"IL-2"
"treatment_groupCRS3123_400mg_po_bid:visitD4",-2.29023678124291,1.18877688944972,229.999999996817,-1.92654887689065,0.0552681792748733,"IL-2"
"treatment_groupVancomycin_125mg_po_qid:visitD4",0.403714298553269,1.11862740205542,229.999999996908,0.360901492142483,0.718504347925858,"IL-2"
"treatment_groupCRS3123_400mg_po_bid:visitFUV1",-2.20159560198177,1.09907735977672,229.99999999753,-2.00313070085352,0.0463368188409523,"IL-2"
"treatment_groupVancomycin_125mg_po_qid:visitFUV1",0.566344790059903,1.09115927069863,229.999999998205,0.519030360890664,0.604238620062321,"IL-2"
"treatment_groupCRS3123_400mg_po_bid:visitFUV2",-2.42862945876939,1.09907735977672,229.99999999753,-2.20969837761264,0.0281119953972263,"IL-2"
"treatment_groupVancomycin_125mg_po_qid:visitFUV2",0.314629624011366,1.10372953074135,229.999999997927,0.285060438493512,0.775854358736008,"IL-2"
"treatment_groupCRS3123_400mg_po_bid:visitFUV3",-4.06269409291668,1.19610382664818,229.999999997991,-3.39660655070513,0.000803743922548902,"IL-2"
"treatment_groupVancomycin_125mg_po_qid:visitFUV3",-1.19612883647753,1.11615823252326,229.999999997284,-1.07164808861686,0.285001319574878,"IL-2"
"treatment_groupCRS3123_400mg_po_bid:visitFUV4",-2.25759039810565,1.17163334103491,229.99999999684,-1.92687449139294,0.0552273442183502,"IL-2"
"treatment_groupVancomycin_125mg_po_qid:visitFUV4",0.426005521332449,1.13089238552048,229.999999998624,0.376698549558618,0.706744933393589,"IL-2"
"treatment_groupCRS3123_400mg_po_bid:visitScreening",-2.0679070704001,1.22647403510481,229.999999997099,-1.68605858029712,0.0931405286700446,"IL-2"
"treatment_groupVancomycin_125mg_po_qid:visitScreening",0.14352460035931,1.17045531889292,229.999999997001,0.122622878500875,0.902512814784319,"IL-2"
"(Intercept)",0.15415899289016,0.337645007371416,192.212762648173,0.456571219845054,0.64849477523612,"IL-4"
"treatment_groupCRS3123_400mg_po_bid",0.0537267760737139,0.510971577165341,207.052225100559,0.105146310430353,0.916361501980102,"IL-4"
"treatment_groupVancomycin_125mg_po_qid",-0.102682951128006,0.487279214183661,193.548173208794,-0.210727131671379,0.833321892240641,"IL-4"
"visitD4",-0.123835578719656,0.490492341328038,124.684968338293,-0.252471992497097,0.801091991520767,"IL-4"
"visitFUV1",-0.116289297399447,0.465103437546799,115.024477066494,-0.250028892525108,0.803011010807134,"IL-4"
"visitFUV2",-0.110574165964916,0.465103437546799,115.024477076134,-0.237741020681641,0.812504927826892,"IL-4"
"visitFUV3",0.109913932931446,0.476974219087072,121.344668086786,0.230439987179645,0.81813794122313,"IL-4"
"visitFUV4",-0.145735019855845,0.490599736998024,125.873342828113,-0.297054826705771,0.766914296238836,"IL-4"
"visitScreening",0.221064952789712,0.525964817622328,133.67393477433,0.420303688351354,0.674938473248677,"IL-4"
"treatment_groupCRS3123_400mg_po_bid:visitD4",0.0392648100870366,0.728805393367633,134.711841250678,0.0538755756260303,0.95711411167933,"IL-4"
"treatment_groupVancomycin_125mg_po_qid:visitD4",0.0883545881703603,0.683159561599305,124.412831702447,0.129332286535694,0.897303581505286,"IL-4"
"treatment_groupCRS3123_400mg_po_bid:visitFUV1",-0.0648257914071353,0.670993307997963,123.069290079821,-0.096611680972729,0.923191931646839,"IL-4"
"treatment_groupVancomycin_125mg_po_qid:visitFUV1",0.0841549749193638,0.6638791120085,113.538451865726,0.126762498468676,0.899352597310992,"IL-4"
"treatment_groupCRS3123_400mg_po_bid:visitFUV2",1.2483659301618,0.670993307997963,123.069290103,1.86047448652885,0.0652053152673158,"IL-4"
"treatment_groupVancomycin_125mg_po_qid:visitFUV2",0.0717591619605908,0.672071793096732,115.355304997602,0.106773060107081,0.915154489552683,"IL-4"
"treatment_groupCRS3123_400mg_po_bid:visitFUV3",-0.18971792674246,0.732451546765999,132.028007300566,-0.259017716025209,0.796024975150077,"IL-4"
"treatment_groupVancomycin_125mg_po_qid:visitFUV3",-0.13757813214703,0.680439144166927,119.14589947607,-0.202190208083148,0.840112862464659,"IL-4"
"treatment_groupCRS3123_400mg_po_bid:visitFUV4",0.0595629853930383,0.717426292556367,131.840213608237,0.0830231426015914,0.933959059554814,"IL-4"
"treatment_groupVancomycin_125mg_po_qid:visitFUV4",0.107709474633039,0.690058783860787,121.438594648845,0.156087390164674,0.876223314022186,"IL-4"
"treatment_groupCRS3123_400mg_po_bid:visitScreening",-0.364021155704376,0.753348437632396,140.445594146858,-0.483204235278448,0.629703151052902,"IL-4"
"treatment_groupVancomycin_125mg_po_qid:visitScreening",-0.233846568591855,0.714551349873673,121.691150386478,-0.327263490067155,0.744030893091436,"IL-4"
"(Intercept)",45.7192501046296,12.4534199657762,224.87330167497,3.6712204543228,0.000301592871525974,"IL-6"
"treatment_groupCRS3123_400mg_po_bid",-24.5956228000854,18.8576510392775,227.117612869297,-1.30427818124626,0.193458972938353,"IL-6"
"treatment_groupVancomycin_125mg_po_qid",-36.9842185292117,17.9732878510383,225.067836387465,-2.05773249923637,0.0407680317647361,"IL-6"
"visitD4",-46.8690726093474,18.2331138440171,201.809468364919,-2.57054680897124,0.01087399466151,"IL-6"
"visitFUV1",-46.6158891830837,17.2978193682438,197.099214903805,-2.69489975532196,0.00764898540734312,"IL-6"
"visitFUV2",-46.0749474271623,17.2978193682438,197.099214893019,-2.66362750392393,0.00836978967010812,"IL-6"
"visitFUV3",-46.1576045671727,17.7336400859868,200.134072290792,-2.60282741407653,0.0099379178773178,"IL-6"
"visitFUV4",-47.8697978831172,18.2361191059433,202.28075792117,-2.62499919006978,0.00932668517572791,"IL-6"
"visitScreening",20.5471851119649,19.5432346358532,205.876343238314,1.05137074260316,0.294320842863808,"IL-6"
"treatment_groupCRS3123_400mg_po_bid:visitD4",27.5736322528723,27.0792366561895,206.063109357994,1.01825736829143,0.309749687737254,"IL-6"
"treatment_groupVancomycin_125mg_po_qid:visitD4",38.7770209402007,25.3957260677486,201.510266502857,1.52691129352847,0.128351132092822,"IL-6"
"treatment_groupCRS3123_400mg_po_bid:visitFUV1",25.6220683941317,24.9450188108014,200.952375257835,1.02714167459506,0.305588533646982,"IL-6"
"treatment_groupVancomycin_125mg_po_qid:visitFUV1",39.3298239689331,24.6925127416252,196.316244773353,1.59278338257707,0.112817612717767,"IL-6"
"treatment_groupCRS3123_400mg_po_bid:visitFUV2",37.7972539540085,24.9450188108014,200.952375292951,1.51522250757502,0.131287422478053,"IL-6"
"treatment_groupVancomycin_125mg_po_qid:visitFUV2",37.3377937449905,24.9947865824466,197.290346134094,1.49382326677725,0.13681941000938,"IL-6"
"treatment_groupCRS3123_400mg_po_bid:visitFUV3",30.6026142533838,27.2181804967918,204.884612796553,1.12434459963225,0.262182405988664,"IL-6"
"treatment_groupVancomycin_125mg_po_qid:visitFUV3",39.455569464191,25.3011277040957,199.098939151549,1.55943916514852,0.120480581089145,"IL-6"
"treatment_groupCRS3123_400mg_po_bid:visitFUV4",33.0151645216791,26.6600705423506,204.804885853663,1.23837498738922,0.216994621370532,"IL-6"
"treatment_groupVancomycin_125mg_po_qid:visitFUV4",39.9201655846573,25.6558202450398,200.227958244826,1.55598866858975,0.121289965173227,"IL-6"
"treatment_groupCRS3123_400mg_po_bid:visitScreening",-26.1029667403096,27.9839693799484,208.30100917458,-0.932782850992304,0.35201203164994,"IL-6"
"treatment_groupVancomycin_125mg_po_qid:visitScreening",-28.6423313010928,26.5659269359448,200.471671014207,-1.07816043348138,0.282257755183807,"IL-6"
"(Intercept)",1486.64018050524,239.19856483222,218.71411895856,6.21508821153676,2.56210153139553e-09,"IL-8"
"treatment_groupCRS3123_400mg_po_bid",-405.663396347937,362.008597746237,223.50504912683,-1.12059050219658,0.263664839916994,"IL-8"
"treatment_groupVancomycin_125mg_po_qid",-870.151065906987,345.205853778072,219.162952870541,-2.52067297348438,0.0124249868092685,"IL-8"
"visitD4",-1220.38812130511,347.71740643181,187.29731739796,-3.50971248126009,0.000561849393913216,"IL-8"
"visitFUV1",-1511.20097579739,329.732210015139,181.097834744712,-4.58311602535889,8.51231062532866e-06,"IL-8"
"visitFUV2",-1288.87223031121,329.732210015139,181.097834778348,-3.90884539381833,0.000130922055809091,"IL-8"
"visitFUV3",-1499.31548232432,338.138845476368,185.207512762856,-4.43402319012502,1.58245197696175e-05,"IL-8"
"visitFUV4",-1486.67537511195,347.79188506404,188.012877035844,-4.27461202793217,3.04090433757036e-05,"IL-8"
"visitScreening",-1047.02838567018,372.851210182105,192.589807937834,-2.80816678899553,0.00549565754680213,"IL-8"
"treatment_groupCRS3123_400mg_po_bid:visitD4",245.008109389966,516.640880057785,193.144358736966,0.474232912739238,0.635869513637829,"IL-8"
"treatment_groupVancomycin_125mg_po_qid:visitD4",710.436414179582,484.302665705875,187.110509224661,1.46692649965929,0.144074793157538,"IL-8"
"treatment_groupCRS3123_400mg_po_bid:visitFUV1",434.054151010211,475.680406053366,186.28850573986,0.91249112952009,0.362689601794152,"IL-8"
"treatment_groupVancomycin_125mg_po_qid:visitFUV1",902.142530091937,470.656073767658,180.090099761371,1.91677656015395,0.0568495297506946,"IL-8"
"treatment_groupCRS3123_400mg_po_bid:visitFUV2",229.018622166719,475.680406053366,186.288505752396,0.481454815570069,0.630758350983424,"IL-8"
"treatment_groupVancomycin_125mg_po_qid:visitFUV2",687.588516111501,476.460456328831,181.322330957669,1.44311769629201,0.15071266391643,"IL-8"
"treatment_groupCRS3123_400mg_po_bid:visitFUV3",504.701855799757,519.230923922351,191.622607089919,0.972018099359648,0.332266909527963,"IL-8"
"treatment_groupVancomycin_125mg_po_qid:visitFUV3",1037.61488035397,482.38460591941,183.806147321545,2.15101159452697,0.0327808583053859,"IL-8"
"treatment_groupCRS3123_400mg_po_bid:visitFUV4",491.960073808217,508.579970876362,191.515071389004,0.967320976011882,0.334603562687289,"IL-8"
"treatment_groupVancomycin_125mg_po_qid:visitFUV4",919.862795661142,489.199575351749,185.272313234132,1.88034258819569,0.0616306660579391,"IL-8"
"treatment_groupCRS3123_400mg_po_bid:visitScreening",1159.50657432597,534.027729494726,196.255278970789,2.17124787775167,0.0311122928115086,"IL-8"
"treatment_groupVancomycin_125mg_po_qid:visitScreening",698.389334264034,506.562403600664,185.444846640161,1.37868371063438,0.169653091446478,"IL-8"
"(Intercept)",2.85567698579122,1.16907044216368,227.324163198698,2.44269026296313,0.0153411510389707,"TNF-a"
"treatment_groupCRS3123_400mg_po_bid",1.90389714913987,1.77189358686022,228.539633129271,1.07449858346943,0.283732403456598,"TNF-a"
"treatment_groupVancomycin_125mg_po_qid",-0.859672278459316,1.68735752912734,227.406617615156,-0.509478438101921,0.610910946686034,"TNF-a"
"visitD4",0.40588534689187,1.73648923550201,193.600773975216,0.233739051526299,0.815434541181894,"TNF-a"
"visitFUV1",-2.82232658009143,1.64918066533044,187.098090825234,-1.71135075702936,0.088673574478452,"TNF-a"
"visitFUV2",1.16045116179139,1.64918066533044,187.098090820295,0.703653144974795,0.48252356630741,"TNF-a"
"visitFUV3",-2.69424033868835,1.68962016683547,190.942488352557,-1.59458344045128,0.112459296649585,"TNF-a"
"visitFUV4",-2.83735961622524,1.736616101667,194.038746233401,-1.63384389532126,0.103913078786928,"TNF-a"
"visitScreening",-0.435792071247007,1.85938108557043,199.77125476766,-0.234374800641425,0.81493405217324,"TNF-a"
"treatment_groupCRS3123_400mg_po_bid:visitD4",-4.85692008847878,2.5764218332004,199.278696200474,-1.88514164330209,0.0608659725881152,"TNF-a"
"treatment_groupVancomycin_125mg_po_qid:visitD4",-1.62843926956645,2.41890745867649,192.725297255966,-0.673212719951449,0.50161844830094,"TNF-a"
"treatment_groupCRS3123_400mg_po_bid:visitFUV1",-1.75810536022292,2.37625132484024,192.111958443444,-0.739865073127783,0.460285032207779,"TNF-a"
"treatment_groupVancomycin_125mg_po_qid:visitFUV1",1.09711472110695,2.35461023441485,185.985677446156,0.465943239807415,0.64180134132071,"TNF-a"
"treatment_groupCRS3123_400mg_po_bid:visitFUV2",-5.770258147583,2.37625132484024,192.111958433462,-2.42830296916128,0.0160909171355541,"TNF-a"
"treatment_groupVancomycin_125mg_po_qid:visitFUV2",-2.96931062300047,2.3829005869658,187.410416261872,-1.2460908521498,0.214286463273206,"TNF-a"
"treatment_groupCRS3123_400mg_po_bid:visitFUV3",-1.69102552465091,2.59042968053606,197.414083358705,-0.652797309016692,0.514646427247462,"TNF-a"
"treatment_groupVancomycin_125mg_po_qid:visitFUV3",1.07686542875158,2.41118422172045,189.59442515329,0.446612672333765,0.655664449942235,"TNF-a"
"treatment_groupCRS3123_400mg_po_bid:visitFUV4",-1.66094546028536,2.53736037725297,197.3096133264,-0.654595805615738,0.513490347308301,"TNF-a"
"treatment_groupVancomycin_125mg_po_qid:visitFUV4",1.07113262063603,2.44434623723106,191.210646451376,0.438208222845467,0.661730002282807,"TNF-a"
"treatment_groupCRS3123_400mg_po_bid:visitScreening",-2.08152966672872,2.66103409653242,202.370694279939,-0.782225853265521,0.434996144661706,"TNF-a"
"treatment_groupVancomycin_125mg_po_qid:visitScreening",1.01863285010663,2.53083257282058,191.945764637321,0.402489228661766,0.68777189117924,"TNF-a"
"(Intercept)",12352692.9597817,2359958.89037426,363.372940627463,5.2342831098311,2.80734779257777e-07,"calprotectin"
"treatment_groupCRS3123_400mg_po_bid",-5492084.46398028,3563842.85785005,437.685687182489,-1.541056854368,0.124025592741312,"calprotectin"
"treatment_groupVancomycin_125mg_po_qid",-9389391.51987485,3405122.99492848,370.306764820399,-2.75743094562493,0.00611438303613803,"calprotectin"
"visitD4",-4566707.32409166,3347922.19480058,49330.0377607051,-1.36404225020041,0.172560492018847,"calprotectin"
"visitFUV1",-12612544.3102756,3170797.05251334,172968.767024351,-3.97772045999546,6.96073985082798e-05,"calprotectin"
"visitFUV2",-9245487.31900829,3170797.05251334,172968.767825868,-2.91582437030457,0.00354795666125358,"calprotectin"
"visitFUV3",-11756380.3760914,3254439.32771018,65279.5948026903,-3.61241344276749,0.000303587891730943,"calprotectin"
"visitFUV4",-11668269.4055219,3349208.48484685,42881.5286572996,-3.4838886436344,0.000494677890193664,"calprotectin"
"visitScreening",-5211178.46486027,3593645.46512522,26281.3590387354,-1.45010923181836,0.147039994532813,"calprotectin"
"treatment_groupCRS3123_400mg_po_bid:visitD4",-1261981.02502201,4980648.20209305,22491.3311854875,-0.253376864579931,0.799979319720067,"calprotectin"
"treatment_groupVancomycin_125mg_po_qid:visitD4",4499505.56184573,4663145.23577658,45662.3748496386,0.964907875338007,0.334596066569155,"calprotectin"
"treatment_groupCRS3123_400mg_po_bid:visitFUV1",5983745.92089635,4554938.65640873,39273.3540636136,1.31368309702202,0.18896054536288,"calprotectin"
"treatment_groupVancomycin_125mg_po_qid:visitFUV1",10233015.5325422,4525053.5455554,234064.7129245,2.26141313677785,0.0237345996519933,"calprotectin"
"treatment_groupCRS3123_400mg_po_bid:visitFUV2",2543027.91800236,4613777.55646515,61325.1036501493,0.551181301412957,0.58151140486069,"calprotectin"
"treatment_groupVancomycin_125mg_po_qid:visitFUV2",6835650.41041424,4581946.92525262,166230.808433867,1.49186590807954,0.135736199248644,"calprotectin"
"treatment_groupCRS3123_400mg_po_bid:visitFUV3",5596140.50811374,5004151.5361036,25956.8674986869,1.11829956941533,0.263449420184173,"calprotectin"
"treatment_groupVancomycin_125mg_po_qid:visitFUV3",10089279.0693653,4641377.18703292,86593.3773047116,2.17376840166162,0.0297252325006091,"calprotectin"
"treatment_groupCRS3123_400mg_po_bid:visitFUV4",5606552.53365686,4901365.01815552,26286.0200203431,1.14387573928675,0.252685590217218,"calprotectin"
"treatment_groupVancomycin_125mg_po_qid:visitFUV4",9779671.05788663,4708312.25913629,66566.1814116156,2.07710757478108,0.0377954571132151,"calprotectin"
"treatment_groupCRS3123_400mg_po_bid:visitScreening",3997120.58141486,5151609.49337238,16380.064560559,0.775897432939592,0.43782075067045,"calprotectin"
"treatment_groupVancomycin_125mg_po_qid:visitScreening",7825033.63421772,4875397.12557837,69146.3061895853,1.60500435814025,0.108497412342047,"calprotectin"
"(Intercept)",13952473.2859639,2532996.5435748,392.430522081403,5.50828753452337,6.56687742276911e-08,"lactotransferrin"
"treatment_groupCRS3123_400mg_po_bid",603429.629805897,3823398.41874213,475.298820285637,0.157825464081355,0.874661359761726,"lactotransferrin"
"treatment_groupVancomycin_125mg_po_qid",-8851122.17029128,3654619.22473055,400.372668203854,-2.42189996440569,0.0158829236670462,"lactotransferrin"
"visitD4",-10906395.0754945,3577139.82066752,58646.2822640494,-3.04891494944675,0.00229771804315722,"lactotransferrin"
"visitFUV1",-14192208.2750523,3387233.06144792,205572.298133641,-4.18991194806821,2.79179016708984e-05,"lactotransferrin"
"visitFUV2",-5551094.65876312,3387233.06144792,205572.290893243,-1.63882867167995,0.101250476393915,"lactotransferrin"
"visitFUV3",-13433116.7918034,3477071.12102857,76862.725704766,-3.86334254440838,0.000111937687743292,"lactotransferrin"
"visitFUV4",-13606741.1968404,3578623.94364434,50715.4969436685,-3.80222717198493,0.000143568944231157,"lactotransferrin"
"visitScreening",-5963545.38098025,3840271.92020614,31480.744210659,-1.55289664505323,0.120457880876751,"lactotransferrin"
"treatment_groupCRS3123_400mg_po_bid:visitD4",-732911.337540719,5322581.42592296,26744.8358069893,-0.137698473520981,0.890479762452851,"lactotransferrin"
"treatment_groupVancomycin_125mg_po_qid:visitD4",8801206.84805024,4982501.92448276,53271.7450742015,1.76642317081772,0.0773306065523853,"lactotransferrin"
"treatment_groupCRS3123_400mg_po_bid:visitFUV1",89060.9307001736,4892660.10085952,63814.4275718088,0.0182029670699029,0.985476992558111,"lactotransferrin"
"treatment_groupVancomycin_125mg_po_qid:visitFUV1",10046524.7564889,4833779.54486068,278381.652135372,2.07839945186793,0.0376734969427618,"lactotransferrin"
"treatment_groupCRS3123_400mg_po_bid:visitFUV2",-8181358.0391604,4892660.10085952,63814.4267047259,-1.67216971351089,0.0944957632654689,"lactotransferrin"
"treatment_groupVancomycin_125mg_po_qid:visitFUV2",956389.198652675,4894727.5342435,198350.223060888,0.19539171321831,0.845086503623583,"lactotransferrin"
"treatment_groupCRS3123_400mg_po_bid:visitFUV3",271462.25958291,5347459.01002884,30792.0340652761,0.0507647200425097,0.95951333321509,"lactotransferrin"
"treatment_groupVancomycin_125mg_po_qid:visitFUV3",10030050.6485071,4958650.3865802,102227.604762101,2.02273801670952,0.043102763193757,"lactotransferrin"
"treatment_groupCRS3123_400mg_po_bid:visitFUV4",246143.717154436,5237639.41323673,31113.3670195192,0.0469951628461429,0.962517384382505,"lactotransferrin"
"treatment_groupVancomycin_125mg_po_qid:visitFUV4",9811453.94354411,5030381.63618484,78769.5705924626,1.95043928137932,0.0511273254095653,"lactotransferrin"
"treatment_groupCRS3123_400mg_po_bid:visitScreening",3364505.36236085,5506004.60491088,19311.0056196253,0.611061123951839,0.541166307816046,"lactotransferrin"
"treatment_groupVancomycin_125mg_po_qid:visitScreening",6770447.41857875,5208856.19002409,82647.5706828314,1.2997954198746,0.193674720867293,"lactotransferrin"
