Sample,MetaG_ID,forward_reads,reverse_reads
116-1012.2,LOZ_1,LOZ_1_R1_001.fastq.gz,LOZ_1_R2_001.fastq.gz
146-1002.2,LOZ_2,LOZ_2_R1_001.fastq.gz,LOZ_2_R2_001.fastq.gz
146-1003.4,LOZ_3,LOZ_3_R1_001.fastq.gz,LOZ_3_R2_001.fastq.gz
101-1003.2,LOZ_4,LOZ_4_R1_001.fastq.gz,LOZ_4_R2_001.fastq.gz
116-1012.4,LOZ_5,LOZ_5_R1_001.fastq.gz,LOZ_5_R2_001.fastq.gz
116-1002.2,LOZ_6,LOZ_6_R1_001.fastq.gz,LOZ_6_R2_001.fastq.gz
122-1002.2,LOZ_7,LOZ_7_R1_001.fastq.gz,LOZ_7_R2_001.fastq.gz
101-1001.4,LOZ_8,LOZ_8_R1_001.fastq.gz,LOZ_8_R2_001.fastq.gz
101-1003.4,LOZ_9,LOZ_9_R1_001.fastq.gz,LOZ_9_R2_001.fastq.gz
110-1005.4,LOZ_10,LOZ_10_R1_001.fastq.gz,LOZ_10_R2_001.fastq.gz
146-1001.2,LOZ_11,LOZ_11_R1_001.fastq.gz,LOZ_11_R2_001.fastq.gz
116-1011.2,LOZ_12,LOZ_12_R1_001.fastq.gz,LOZ_12_R2_001.fastq.gz
116-1009.2,LOZ_13,LOZ_13_R1_001.fastq.gz,LOZ_13_R2_001.fastq.gz
146-1001.4,LOZ_14,LOZ_14_R1_001.fastq.gz,LOZ_14_R2_001.fastq.gz
116-1003.2,LOZ_15,LOZ_15_R1_001.fastq.gz,LOZ_15_R2_001.fastq.gz
116-1004.4,LOZ_16,LOZ_16_R1_001.fastq.gz,LOZ_16_R2_001.fastq.gz
139-1002.2,LOZ_17,LOZ_17_R1_001.fastq.gz,LOZ_17_R2_001.fastq.gz
120-2201.2,LOZ_18,LOZ_18_R1_001.fastq.gz,LOZ_18_R2_001.fastq.gz
116-1011.4,LOZ_19,LOZ_19_R1_001.fastq.gz,LOZ_19_R2_001.fastq.gz
120-2203.4,LOZ_20,LOZ_20_R1_001.fastq.gz,LOZ_20_R2_001.fastq.gz
101-1001.2,LOZ_21,LOZ_21_R1_001.fastq.gz,LOZ_21_R2_001.fastq.gz
139-1001.4,LOZ_22,LOZ_22_R1_001.fastq.gz,LOZ_22_R2_001.fastq.gz
122-1003.2,LOZ_23,LOZ_23_R1_001.fastq.gz,LOZ_23_R2_001.fastq.gz
116-1006.4,LOZ_24,LOZ_24_R1_001.fastq.gz,LOZ_24_R2_001.fastq.gz
122-1001.4,LOZ_25,LOZ_25_R1_001.fastq.gz,LOZ_25_R2_001.fastq.gz
120-2203.2,LOZ_26,LOZ_26_R1_001.fastq.gz,LOZ_26_R2_001.fastq.gz
120-2205.2,LOZ_27,LOZ_27_R1_001.fastq.gz,LOZ_27_R2_001.fastq.gz
116-1004.2,LOZ_28,LOZ_28_R1_001.fastq.gz,LOZ_28_R2_001.fastq.gz
114-1005.2,LOZ_29,LOZ_29_R1_001.fastq.gz,LOZ_29_R2_001.fastq.gz
116-1001.4,LOZ_30,LOZ_30_R1_001.fastq.gz,LOZ_30_R2_001.fastq.gz
114-1004.2,LOZ_31,LOZ_31_R1_001.fastq.gz,LOZ_31_R2_001.fastq.gz
116-1006.2,LOZ_32,LOZ_32_R1_001.fastq.gz,LOZ_32_R2_001.fastq.gz
101-1002.4,LOZ_33,LOZ_33_R1_001.fastq.gz,LOZ_33_R2_001.fastq.gz
146-1004.2,LOZ_34,LOZ_34_R1_001.fastq.gz,LOZ_34_R2_001.fastq.gz
146-1004.4,LOZ_35,LOZ_35_R1_001.fastq.gz,LOZ_35_R2_001.fastq.gz
101-1002.2,LOZ_36,LOZ_36_R1_001.fastq.gz,LOZ_36_R2_001.fastq.gz
110-1003.2,LOZ_37,LOZ_37_R1_001.fastq.gz,LOZ_37_R2_001.fastq.gz
116-1002.4,LOZ_38,LOZ_38_R1_001.fastq.gz,LOZ_38_R2_001.fastq.gz
120-2205.4,LOZ_39,LOZ_39_R1_001.fastq.gz,LOZ_39_R2_001.fastq.gz
110-1005.2,LOZ_40,LOZ_40_R1_001.fastq.gz,LOZ_40_R2_001.fastq.gz
117-1945.4,LOZ_41,LOZ_41_R1_001.fastq.gz,LOZ_41_R2_001.fastq.gz
122-1001.2,LOZ_42,LOZ_42_R1_001.fastq.gz,LOZ_42_R2_001.fastq.gz
110-1002.4,LOZ_43,LOZ_43_R1_001.fastq.gz,LOZ_43_R2_001.fastq.gz
116-1007.4,LOZ_44,LOZ_44_R1_001.fastq.gz,LOZ_44_R2_001.fastq.gz
114-1002.2,LOZ_45,LOZ_45_R1_001.fastq.gz,LOZ_45_R2_001.fastq.gz
146-1002.4,LOZ_46,LOZ_46_R1_001.fastq.gz,LOZ_46_R2_001.fastq.gz
128-1001.2,LOZ_47,LOZ_47_R1_001.fastq.gz,LOZ_47_R2_001.fastq.gz
110-1002.2,LOZ_48,LOZ_48_R1_001.fastq.gz,LOZ_48_R2_001.fastq.gz
139-1001.2,LOZ_49,LOZ_49_R1_001.fastq.gz,LOZ_49_R2_001.fastq.gz
120-2204.2,LOZ_50,LOZ_50_R1_001.fastq.gz,LOZ_50_R2_001.fastq.gz
139-1002.4,LOZ_51,LOZ_51_R1_001.fastq.gz,LOZ_51_R2_001.fastq.gz
116-1010.4,LOZ_52,LOZ_52_R1_001.fastq.gz,LOZ_52_R2_001.fastq.gz
116-1003.4,LOZ_53,LOZ_53_R1_001.fastq.gz,LOZ_53_R2_001.fastq.gz
117-1945.2,LOZ_54,LOZ_54_R1_001.fastq.gz,LOZ_54_R2_001.fastq.gz
130-1001.4,LOZ_55,LOZ_55_R1_001.fastq.gz,LOZ_55_R2_001.fastq.gz
114-1005.4,LOZ_56,LOZ_56_R1_001.fastq.gz,LOZ_56_R2_001.fastq.gz
128-1001.4,LOZ_57,LOZ_57_R1_001.fastq.gz,LOZ_57_R2_001.fastq.gz
123-1001.4,LOZ_58,LOZ_58_R1_001.fastq.gz,LOZ_58_R2_001.fastq.gz
122-1003.4,LOZ_59,LOZ_59_R1_001.fastq.gz,LOZ_59_R2_001.fastq.gz
110-1004.4,LOZ_60,LOZ_60_R1_001.fastq.gz,LOZ_60_R2_001.fastq.gz
116-1009.4,LOZ_61,LOZ_61_R1_001.fastq.gz,LOZ_61_R2_001.fastq.gz
130-1001.2,LOZ_62,LOZ_62_R1_001.fastq.gz,LOZ_62_R2_001.fastq.gz
120-2201.4,LOZ_63,LOZ_63_R1_001.fastq.gz,LOZ_63_R2_001.fastq.gz
123-1001.1,LOZ_64,LOZ_64_R1_001.fastq.gz,LOZ_64_R2_001.fastq.gz
110-1003.4,LOZ_65,LOZ_65_R1_001.fastq.gz,LOZ_65_R2_001.fastq.gz
120-2204.4,LOZ_66,LOZ_66_R1_001.fastq.gz,LOZ_66_R2_001.fastq.gz
146-1003.2,LOZ_67,LOZ_67_R1_001.fastq.gz,LOZ_67_R2_001.fastq.gz
114-1004.4,LOZ_68,LOZ_68_R1_001.fastq.gz,LOZ_68_R2_001.fastq.gz
116-1007.2,LOZ_69,LOZ_69_R1_001.fastq.gz,LOZ_69_R2_001.fastq.gz
114-1002.4,LOZ_70,LOZ_70_R1_001.fastq.gz,LOZ_70_R2_001.fastq.gz
116-1001.2,LOZ_71,LOZ_71_R1_001.fastq.gz,LOZ_71_R2_001.fastq.gz
122-1002.4,LOZ_72,LOZ_72_R1_001.fastq.gz,LOZ_72_R2_001.fastq.gz
116-1010.2,LOZ_73,LOZ_73_R1_001.fastq.gz,LOZ_73_R2_001.fastq.gz
110-1004.2,LOZ_74,LOZ_74_R1_001.fastq.gz,LOZ_74_R2_001.fastq.gz
