#SampleID	faith_pd
101-1001.1	19.08236536944167
101-1001.2	19.24631786667805
101-1001.4	15.40739564108566
101-1002.2	21.12830815811253
101-1002.4	13.19931673455864
101-1002.7	19.23897421082685
101-1003.1	44.49540461494995
101-1003.2	41.39816354685676
101-1003.4	21.74807335208241
101-1003.6	26.73008571485295
110-1002.6	26.85995959942795
110-1003.1	28.04530962804616
110-1003.2	26.60716151447118
110-1003.3	15.56661304208421
110-1003.6	32.22537821167807
110-1004.1	18.64166435277186
110-1004.7	26.58910096676107
110-1005.3	17.14341836538244
110-1005.4	18.01122046778022
110-1005.6	31.71654507609201
110-1005.7	36.43616779594989
114-1002.3	13.36783554965926
114-1002.5	16.08847531011553
114-1002.6	30.19860795536131
114-1003.3	16.14320025885112
114-1004.2	12.12202140238443
114-1004.6	14.51182728336757
114-1005.2	9.787499323218242
114-1005.5	18.4437285886155
116-1001.4	14.29543528357317
116-1001.7	29.09950583881315
116-1001.U	14.29749784580306
116-1002.2	19.20453060195605
116-1002.4	10.64143828058997
116-1002.6	16.61494798391966
116-1003.1	16.5088827124959
116-1003.2	13.43721267601239
116-1003.3	8.046758130878345
116-1003.6	12.84095685214868
116-1003.7	40.32696589825961
116-1004.2	21.1188490620133
116-1004.4	18.64913663827338
116-1004.5	19.19497950780914
116-1004.6	23.39993239339678
116-1006.1	12.60254312018039
116-1006.2	12.43785398172215
116-1006.4	10.66059525810113
116-1008.1	11.10139710395208
116-1009.2	15.26617024333268
116-1010.5	24.17004365555012
116-1011.2	29.18899526104641
116-1011.4	20.87837373604663
116-1012.1	25.44326795012049
116-1012.2	25.19480647590893
116-1012.4	18.57953556795405
116-1012.5	23.66697106676455
117-1945.7	29.30021114849867
120-2201.2	33.3430809503733
120-2201.5	25.84760320615308
120-2201.6	37.55397971754091
120-2201.7	44.39179122438636
120-2203.2	16.33636920845472
120-2203.4	13.41532920596291
120-2203.5	14.1342412055176
120-2203.6	16.67294514192067
120-2203.7	14.97200255479648
120-2205.2	21.11511099179281
120-2205.4	15.43066492213632
120-2205.5	29.11536830380547
120-2205.U	24.82445392500412
122-1001.1	42.1668341886365
122-1001.4	28.71800322508093
122-1001.5	28.59058606598668
122-1001.6	34.85928365126153
122-1001.7	39.69345256826295
122-1002.2	55.80119261466986
122-1002.6	53.07558924742524
122-1003.1	30.68499810931132
122-1003.2	28.92472220719142
122-1003.3	22.45764442448355
122-1003.5	21.25988277027596
123-1001.5	22.15456207808115
128-1001.1	27.61864757398493
128-1001.U	27.78244977763836
128-1002.1	18.73128290652102
128-1002.2	16.84287417788484
128-1002.3	15.88811764610735
128-1002.6	25.44153730381385
128-1002.7	26.10592661414173
130-1001.3	11.73585571358819
130-1001.5	18.61788321376719
130-1001.6	24.57574814001847
130-1001.7	23.17091118289912
131-1001.2	12.36749591647966
131-1001.3	10.98010547388151
139-1001.3	8.896025908019794
139-1001.4	7.805349244352271
139-1001.U	12.93876664774666
139-1002.2	12.65834231083346
139-1002.3	11.10137352222506
139-1002.7	14.25884214792929
140-1002.3	20.1618933234688
140-1002.5	17.0864159426525
140-1003.3	12.76653874402287
146-1001.2	36.51429169679241
146-1001.3	30.81235563680484
146-1001.4	23.68070516580907
146-1001.5	23.45569487590936
146-1001.6	36.45455471218915
146-1002.1	44.6232782927847
146-1002.2	47.33676451358917
146-1002.7	34.83078588988201
146-1003.4	24.66106295839089
146-1003.5	24.87265341614941
146-1004.1	36.78420202261909
146-1004.2	35.55122499125135
146-1004.4	34.9577465404703
146-1004.6	39.35407853631097
146-1004.7	43.15615387988301
101-1002.6	17.3203237348471
101-1003.5	29.8787131781388
110-1004.2	19.83733866304984
114-1003.2	19.94260180165659
116-1010.2	30.48374697866615
117-1945.5	23.5284703113087
101-1001.3	14.98222194115431
101-1001.5	13.57718800697018
101-1001.6	17.98812954279858
101-1001.7	18.61389980571268
101-1002.3	13.36180247092062
101-1002.5	13.51919348531927
101-1002.U	19.37017130703983
101-1003.3	37.11792226880455
101-1003.7	23.5212898270919
103-1001.1	25.60875616623402
110-1002.1	16.54013649139622
110-1002.2	24.25173671536943
110-1002.3	14.08238523212083
110-1002.4	16.50184234269773
110-1002.5	16.45384734096461
110-1002.7	30.09006216923873
110-1003.4	21.41683325968535
110-1003.5	21.99028056147796
110-1003.7	32.85766252515534
110-1004.3	14.49636646068194
110-1004.4	11.25837345122454
110-1004.5	13.22891591963526
110-1004.6	23.83765888310946
110-1005.2	23.92255636933726
110-1005.5	23.48623696909236
114-1002.2	18.80264625240859
114-1002.4	13.93069967705417
114-1002.7	13.10224831444242
114-1003.7	33.49161876286902
114-1004.1	11.14550576031407
114-1004.4	30.43247223286524
114-1004.5	12.03470925862117
114-1005.4	14.24197220702058
114-1005.6	12.63975868627758
114-1005.7	42.33841116782047
116-1001.2	17.8832773900149
116-1001.3	15.94984526730622
116-1001.6	14.10913761227084
116-1002.3	7.877969973440827
116-1002.5	13.6370248756761
116-1002.7	16.88186236339056
116-1003.4	11.03385232261678
116-1003.5	15.18712847959404
116-1003.U	17.69638350961566
116-1004.1	20.39747207082603
116-1004.3	8.183302201065146
116-1004.7	26.94982404996974
116-1006.5	18.81691401352494
116-1006.U	22.31925211141318
116-1007.1	11.12851262134799
116-1007.2	11.06930435434909
116-1007.4	10.46027027213626
116-1007.5	15.53970742277375
116-1008.4	11.26549674331989
116-1008.5	27.83158991074785
116-1009.1	17.16703680789308
116-1009.4	11.69839846351414
116-1009.5	20.88735952130444
116-1010.4	10.97348079392856
116-1011.1	28.76905709763778
116-1011.5	25.14598694056977
117-1945.1	20.19118306592397
117-1945.2	16.65944802454836
117-1945.3	16.8367056397023
117-1945.4	16.49164087353978
117-1945.6	22.80410363858797
120-2201.1	34.6656926575382
120-2201.3	17.86202772326652
120-2201.4	18.82392229635792
120-2203.1	13.0810113812553
120-2203.3	9.73202643481951
120-2203.U	9.349648863101747
120-2204.1	20.1432545482528
120-2204.2	19.89436123680753
120-2204.4	15.94742235679689
120-2204.5	12.16843316398479
120-2204.U	15.44421922591692
120-2205.1	22.35876734905499
122-1001.2	32.68643053801199
122-1002.1	54.2578202483632
122-1002.3	32.24137817900465
122-1002.4	27.90866645394465
122-1002.5	43.38853659599314
122-1002.7	50.34870520846915
122-1003.4	19.91005449287354
122-1003.6	23.89758533971584
122-1003.7	22.02719978436911
123-1001.1	26.12567621597507
123-1001.2	26.31434287163485
123-1001.3	22.91994744557834
123-1001.4	14.82881686806724
123-1001.6	28.52201844540953
123-1001.7	35.29075400898184
128-1001.2	23.37971176051925
128-1001.3	14.51472318450766
128-1001.4	12.69963496737404
128-1001.6	30.01849207516721
128-1001.7	13.74574284584958
128-1002.5	15.66320507544138
130-1001.2	24.35899400854384
130-1001.4	11.87956224668926
131-1001.1	13.78450296975429
139-1001.2	17.90233964441935
139-1001.5	11.27664282683565
139-1001.6	15.19246281694867
139-1001.7	17.45534924889622
139-1002.4	13.42658164851605
139-1002.5	11.5637163991338
139-1002.6	10.89820033637312
140-1002.4	14.46529298993903
140-1002.7	19.80018410908101
146-1001.1	38.53628851640033
146-1001.7	35.68942623478307
146-1002.3	36.49443773085031
146-1002.4	31.15854767866561
146-1002.5	35.75993459412027
146-1002.6	33.91331686022687
146-1003.1	31.66714933875221
146-1003.2	32.46222951608215
146-1003.3	31.4239658264248
146-1003.6	32.17450321138898
146-1003.7	40.43067224461949
146-1004.3	33.76487231126631
146-1004.5	36.98341595688795
HC001	24.84591453489749
HC002	30.64086382344501
HC003	27.84690554859797
HC004	55.36830069338004
HC005	42.50680636822941
HC006	40.63129141412355
HC007	76.15012025322287
HC008	38.07721123704987
HC009	39.80047948424498
HC010	45.68003998693327
HC011	33.56956652073947
HC012	32.5884938412715
HC013	56.25430028817397
HC014	47.29986376017327
HC015	46.69226457607083
HC016	34.93004644250847
HC017	55.19886350466101
HC018	44.51630467094408
HC019	37.13368012822144
HC020	37.76290647844557
